,Agua Clara,Alcinopolis,Amambai,Anastacio,Anaurilandia,Angelica,Antonio Joao,Aparecida do Taboado,Aquidauana,Aral Moreira,Bandeirantes,Bataguassu,Bataypora,Bela Vista,Bodoquena,Bonito,Brasilandia,Caarapo,Camapua,Campo Grande,Caracol,Cassilandia,Chapadao do Sul,Corguinho,Coronel Sapucaia,Corumba,Costa Rica,Coxim,Deodapolis,Dois Irmaos do Buriti,Douradina,Dourados,Eldorado,Fatima do Sul,Figueirao,Gloria de Dourados,Guia Lopes da Laguna,Iguatemi,Inocencia,Itapora,Itaquirai,Ivinhema,Japora,Jaraguari,Jardim,Jatei,Juti,Ladario,Laguna Carapa,Maracaju,Miranda,Mundo Novo,Navirai,Nioaque,Nova Alvorada do Sul,Nova Andradina,Novo Horizonte do Sul,Paraiso das Aguas,Paranaiba,Paranhos,Pedro Gomes,Ponta Pora,Porto Murtinho,Ribas do Rio Pardo,Rio Brilhante,Rio Negro,Rio Verde de Mato Grosso,Rochedo,Santa Rita do Pardo,Sao Gabriel do Oeste,Selviria,Sete Quedas,Sidrolandia,Sonora,Tacuru,Taquarussu,Terenos,Tres Lagoas,Vicentina
Agua Clara,0,inf,inf,inf,inf,inf,inf,inf,inf,inf,inf,inf,inf,inf,inf,inf,inf,inf,inf,inf,inf,inf,inf,inf,inf,inf,inf,inf,inf,inf,inf,inf,inf,inf,inf,inf,inf,inf,166,inf,inf,inf,inf,inf,inf,inf,inf,inf,inf,inf,inf,inf,inf,inf,inf,inf,inf,207,inf,inf,inf,inf,inf,119,inf,inf,inf,inf,inf,inf,inf,inf,inf,inf,inf,inf,inf,167,inf
Alcinopolis,inf,0,inf,inf,inf,inf,inf,inf,inf,inf,inf,inf,inf,inf,inf,inf,inf,inf,inf,inf,inf,inf,inf,inf,inf,inf,85,146,inf,inf,inf,inf,inf,inf,52,inf,inf,inf,inf,inf,inf,inf,inf,inf,inf,inf,inf,inf,inf,inf,inf,inf,inf,inf,inf,inf,inf,inf,inf,inf,121,inf,inf,inf,inf,inf,inf,inf,inf,inf,inf,inf,inf,inf,inf,inf,inf,inf,inf
Amambai,inf,inf,0,inf,inf,inf,inf,inf,inf,59,inf,inf,inf,inf,inf,inf,inf,87,inf,inf,inf,inf,inf,inf,47,inf,inf,inf,inf,inf,inf,inf,inf,inf,inf,inf,inf,inf,inf,inf,inf,inf,inf,inf,inf,inf,inf,inf,82,inf,inf,inf,inf,inf,inf,inf,inf,inf,inf,inf,inf,inf,inf,inf,inf,inf,inf,inf,inf,inf,inf,inf,inf,inf,82,inf,inf,inf,inf
Anastacio,inf,inf,inf,0,inf,inf,inf,inf,4,inf,inf,inf,inf,inf,inf,130,inf,inf,inf,inf,inf,inf,inf,inf,inf,inf,inf,inf,inf,76,inf,inf,inf,inf,inf,inf,inf,inf,inf,inf,inf,inf,inf,inf,inf,inf,inf,inf,inf,inf,84,inf,inf,95,inf,inf,inf,inf,inf,inf,inf,inf,inf,inf,inf,inf,inf,inf,inf,inf,inf,inf,inf,inf,inf,inf,inf,inf,inf
Anaurilandia,inf,inf,inf,inf,0,inf,inf,inf,inf,inf,inf,79,75,inf,inf,inf,inf,inf,inf,inf,inf,inf,inf,inf,inf,inf,inf,inf,inf,inf,inf,inf,inf,inf,inf,inf,inf,inf,inf,inf,inf,inf,inf,inf,inf,inf,inf,inf,inf,inf,inf,inf,inf,inf,inf,84,inf,inf,inf,inf,inf,inf,inf,inf,inf,inf,inf,inf,inf,inf,inf,inf,inf,inf,inf,inf,inf,inf,inf
Angelica,inf,inf,inf,inf,inf,0,inf,inf,inf,inf,inf,inf,inf,inf,inf,inf,inf,inf,inf,inf,inf,inf,inf,inf,inf,inf,inf,inf,inf,inf,inf,inf,inf,inf,inf,inf,inf,inf,inf,inf,inf,23,inf,inf,inf,inf,inf,inf,inf,inf,inf,inf,inf,inf,129,inf,inf,inf,inf,inf,inf,inf,inf,inf,inf,inf,inf,inf,inf,inf,inf,inf,inf,inf,inf,inf,inf,inf,inf
Antonio Joao,inf,inf,inf,inf,inf,inf,0,inf,inf,inf,inf,inf,inf,78,inf,inf,inf,inf,inf,inf,inf,inf,inf,inf,inf,inf,inf,inf,inf,inf,inf,inf,inf,inf,inf,inf,inf,inf,inf,inf,inf,inf,inf,inf,inf,inf,inf,inf,inf,inf,inf,inf,inf,inf,inf,inf,inf,inf,inf,inf,inf,58,inf,inf,inf,inf,inf,inf,inf,inf,inf,inf,inf,inf,inf,inf,inf,inf,inf
Aparecida do Taboado,inf,inf,inf,inf,inf,inf,inf,0,inf,inf,inf,inf,inf,inf,inf,inf,inf,inf,inf,inf,inf,inf,inf,inf,inf,inf,inf,inf,inf,inf,inf,inf,inf,inf,inf,inf,inf,inf,inf,inf,inf,inf,inf,inf,inf,inf,inf,inf,inf,inf,inf,inf,inf,inf,inf,inf,inf,inf,61,inf,inf,inf,inf,inf,inf,inf,inf,inf,inf,inf,59,inf,inf,inf,inf,inf,inf,inf,inf
Aquidauana,inf,inf,inf,4,inf,inf,inf,inf,0,inf,inf,inf,inf,inf,inf,inf,inf,inf,inf,inf,inf,inf,inf,inf,inf,inf,inf,inf,inf,74,inf,inf,inf,inf,inf,inf,inf,inf,inf,inf,inf,inf,inf,inf,inf,inf,inf,inf,inf,inf,86,inf,inf,inf,inf,inf,inf,inf,inf,inf,inf,inf,inf,inf,inf,183,257,inf,inf,inf,inf,inf,inf,inf,inf,inf,125,inf,inf
Aral Moreira,inf,inf,59,inf,inf,inf,inf,inf,inf,0,inf,inf,inf,inf,inf,inf,inf,inf,inf,inf,inf,inf,inf,inf,50,inf,inf,inf,inf,inf,inf,inf,inf,inf,inf,inf,inf,inf,inf,inf,inf,inf,inf,inf,inf,inf,inf,inf,86,inf,inf,inf,inf,inf,inf,inf,inf,inf,inf,inf,inf,60,inf,inf,inf,inf,inf,inf,inf,inf,inf,inf,inf,inf,inf,inf,inf,inf,inf
Bandeirantes,inf,inf,inf,inf,inf,inf,inf,inf,inf,inf,0,inf,inf,inf,inf,inf,inf,inf,71,inf,inf,inf,inf,inf,inf,inf,inf,inf,inf,inf,inf,inf,inf,inf,inf,inf,inf,inf,inf,inf,inf,inf,inf,31,inf,inf,inf,inf,inf,inf,inf,inf,inf,inf,inf,inf,inf,inf,inf,inf,inf,inf,inf,inf,inf,inf,inf,72,inf,82,inf,inf,inf,inf,inf,inf,inf,inf,inf
Bataguassu,inf,inf,inf,inf,79,inf,inf,inf,inf,inf,inf,0,inf,inf,inf,inf,inf,inf,inf,inf,inf,inf,inf,inf,inf,inf,inf,inf,inf,inf,inf,inf,inf,inf,inf,inf,inf,inf,inf,inf,inf,inf,inf,inf,inf,inf,inf,inf,inf,inf,inf,inf,inf,inf,inf,145,inf,inf,inf,inf,inf,inf,inf,inf,inf,inf,inf,inf,82,inf,inf,inf,inf,inf,inf,inf,inf,inf,inf
Bataypora,inf,inf,inf,inf,75,inf,inf,inf,inf,inf,inf,inf,0,inf,inf,inf,inf,inf,inf,inf,inf,inf,inf,inf,inf,inf,inf,inf,inf,inf,inf,inf,inf,inf,inf,inf,inf,inf,inf,inf,inf,inf,inf,inf,inf,inf,inf,inf,inf,inf,inf,inf,inf,inf,inf,13,inf,inf,inf,inf,inf,inf,inf,inf,inf,inf,inf,inf,inf,inf,inf,inf,inf,inf,inf,30,inf,inf,inf
Bela Vista,inf,inf,inf,inf,inf,inf,78,inf,inf,inf,inf,inf,inf,0,inf,inf,inf,inf,inf,inf,69,inf,inf,inf,inf,inf,inf,inf,inf,inf,inf,inf,inf,inf,inf,inf,inf,inf,inf,inf,inf,inf,inf,inf,104,inf,inf,inf,inf,inf,inf,inf,inf,inf,inf,inf,inf,inf,inf,inf,inf,inf,inf,inf,inf,inf,inf,inf,inf,inf,inf,inf,inf,inf,inf,inf,inf,inf,inf
Bodoquena,inf,inf,inf,inf,inf,inf,inf,inf,inf,inf,inf,inf,inf,inf,0,91,inf,inf,inf,inf,inf,inf,inf,inf,inf,inf,inf,inf,inf,inf,inf,inf,inf,inf,inf,inf,inf,inf,inf,inf,inf,inf,inf,inf,inf,inf,inf,inf,inf,inf,63,inf,inf,inf,inf,inf,inf,inf,inf,inf,inf,inf,inf,inf,inf,inf,inf,inf,inf,inf,inf,inf,inf,inf,inf,inf,inf,inf,inf
Bonito,inf,inf,inf,130,inf,inf,inf,inf,inf,inf,inf,inf,inf,inf,91,0,inf,inf,inf,inf,inf,inf,inf,inf,inf,inf,inf,inf,inf,inf,inf,inf,inf,inf,inf,inf,69,inf,inf,inf,inf,inf,inf,inf,68,inf,inf,inf,inf,inf,inf,inf,inf,inf,inf,inf,inf,inf,inf,inf,inf,inf,206,inf,inf,inf,inf,inf,inf,inf,inf,inf,inf,inf,inf,inf,inf,inf,inf
Brasilandia,inf,inf,inf,inf,inf,inf,inf,inf,inf,inf,inf,inf,inf,inf,inf,inf,0,inf,inf,inf,inf,inf,inf,inf,inf,inf,inf,inf,inf,inf,inf,inf,inf,inf,inf,inf,inf,inf,inf,inf,inf,inf,inf,inf,inf,inf,inf,inf,inf,inf,inf,inf,inf,inf,inf,inf,inf,inf,inf,inf,inf,inf,inf,inf,inf,inf,inf,inf,108,inf,inf,inf,inf,inf,inf,inf,inf,82,inf
Caarapo,inf,inf,87,inf,inf,inf,inf,inf,inf,inf,inf,inf,inf,inf,inf,inf,inf,0,inf,inf,inf,inf,inf,inf,inf,inf,inf,inf,inf,inf,inf,60,inf,55,inf,inf,inf,inf,inf,inf,inf,inf,inf,inf,inf,inf,43,inf,46,inf,inf,inf,inf,inf,inf,inf,inf,inf,inf,inf,inf,inf,inf,inf,inf,inf,inf,inf,inf,inf,inf,inf,inf,inf,inf,inf,inf,inf,60
Camapua,inf,inf,inf,inf,inf,inf,inf,inf,inf,inf,71,inf,inf,inf,inf,inf,inf,inf,0,inf,inf,inf,inf,inf,inf,inf,inf,inf,inf,inf,inf,inf,inf,inf,136,inf,inf,inf,inf,inf,inf,inf,inf,inf,inf,inf,inf,inf,inf,inf,inf,inf,inf,inf,inf,inf,inf,159,inf,inf,inf,inf,inf,137,inf,inf,inf,inf,inf,72,inf,inf,inf,inf,inf,inf,inf,inf,inf
Campo Grande,inf,inf,inf,inf,inf,inf,inf,inf,inf,inf,inf,inf,inf,inf,inf,inf,inf,inf,inf,0,inf,inf,inf,inf,inf,inf,inf,inf,inf,inf,inf,inf,inf,inf,inf,inf,inf,inf,inf,inf,inf,inf,inf,55,inf,inf,inf,inf,inf,inf,inf,inf,inf,inf,151,inf,inf,inf,inf,inf,inf,inf,inf,118,inf,inf,inf,79,inf,inf,inf,inf,83,inf,inf,inf,32,inf,inf
Caracol,inf,inf,inf,inf,inf,inf,inf,inf,inf,inf,inf,inf,inf,69,inf,inf,inf,inf,inf,inf,0,inf,inf,inf,inf,inf,inf,inf,inf,inf,inf,inf,inf,inf,inf,inf,inf,inf,inf,inf,inf,inf,inf,inf,inf,inf,inf,inf,inf,inf,inf,inf,inf,inf,inf,inf,inf,inf,inf,inf,inf,inf,123,inf,inf,inf,inf,inf,inf,inf,inf,inf,inf,inf,inf,inf,inf,inf,inf
Cassilandia,inf,inf,inf,inf,inf,inf,inf,inf,inf,inf,inf,inf,inf,inf,inf,inf,inf,inf,inf,inf,inf,0,131,inf,inf,inf,inf,inf,inf,inf,inf,inf,inf,inf,inf,inf,inf,inf,92,inf,inf,inf,inf,inf,inf,inf,inf,inf,inf,inf,inf,inf,inf,inf,inf,inf,inf,inf,109,inf,inf,inf,inf,inf,inf,inf,inf,inf,inf,inf,inf,inf,inf,inf,inf,inf,inf,inf,inf
Chapadao do Sul,inf,inf,inf,inf,inf,inf,inf,inf,inf,inf,inf,inf,inf,inf,inf,inf,inf,inf,inf,inf,inf,131,0,inf,inf,inf,77,inf,inf,inf,inf,inf,inf,inf,inf,inf,inf,inf,inf,inf,inf,inf,inf,inf,inf,inf,inf,inf,inf,inf,inf,inf,inf,inf,inf,inf,inf,63,inf,inf,inf,inf,inf,inf,inf,inf,inf,inf,inf,inf,inf,inf,inf,inf,inf,inf,inf,inf,inf
Corguinho,inf,inf,inf,inf,inf,inf,inf,inf,inf,inf,inf,inf,inf,inf,inf,inf,inf,inf,inf,inf,inf,inf,inf,0,inf,inf,inf,inf,inf,inf,inf,inf,inf,inf,inf,inf,inf,inf,inf,inf,inf,inf,inf,inf,inf,inf,inf,inf,inf,inf,inf,inf,inf,inf,inf,inf,inf,inf,inf,inf,inf,inf,inf,inf,inf,59,inf,21,inf,inf,inf,inf,inf,inf,inf,inf,inf,inf,inf
Coronel Sapucaia,inf,inf,47,inf,inf,inf,inf,inf,inf,50,inf,inf,inf,inf,inf,inf,inf,inf,inf,inf,inf,inf,inf,inf,0,inf,inf,inf,inf,inf,inf,inf,inf,inf,inf,inf,inf,inf,inf,inf,inf,inf,inf,inf,inf,inf,inf,inf,inf,inf,inf,inf,inf,inf,inf,inf,inf,inf,inf,inf,inf,inf,inf,inf,inf,inf,inf,inf,inf,inf,inf,inf,inf,inf,inf,inf,inf,inf,inf
Corumba,inf,inf,inf,inf,inf,inf,inf,inf,inf,inf,inf,inf,inf,inf,inf,inf,inf,inf,inf,inf,inf,inf,inf,inf,inf,0,inf,inf,inf,inf,inf,inf,inf,inf,inf,inf,inf,inf,inf,inf,inf,inf,inf,inf,inf,inf,inf,7,inf,inf,248,inf,inf,inf,inf,inf,inf,inf,inf,inf,inf,inf,inf,inf,inf,inf,inf,inf,inf,inf,inf,inf,inf,inf,inf,inf,inf,inf,inf
Costa Rica,inf,85,inf,inf,inf,inf,inf,inf,inf,inf,inf,inf,inf,inf,inf,inf,inf,inf,inf,inf,inf,inf,77,inf,inf,inf,0,inf,inf,inf,inf,inf,inf,inf,72,inf,inf,inf,inf,inf,inf,inf,inf,inf,inf,inf,inf,inf,inf,inf,inf,inf,inf,inf,inf,inf,inf,71,inf,inf,inf,inf,inf,inf,inf,inf,inf,inf,inf,inf,inf,inf,inf,inf,inf,inf,inf,inf,inf
Coxim,inf,146,inf,inf,inf,inf,inf,inf,inf,inf,inf,inf,inf,inf,inf,inf,inf,inf,inf,inf,inf,inf,inf,inf,inf,inf,inf,0,inf,inf,inf,inf,inf,inf,inf,inf,inf,inf,inf,inf,inf,inf,inf,inf,inf,inf,inf,inf,inf,inf,inf,inf,inf,inf,inf,inf,inf,inf,inf,inf,64,inf,inf,inf,inf,inf,63,inf,inf,inf,inf,inf,inf,135,inf,inf,inf,inf,inf
Deodapolis,inf,inf,inf,inf,inf,inf,inf,inf,inf,inf,inf,inf,inf,inf,inf,inf,inf,inf,inf,inf,inf,inf,inf,inf,inf,inf,inf,inf,0,inf,inf,inf,inf,inf,inf,22,inf,inf,inf,inf,inf,47,inf,inf,inf,inf,inf,inf,inf,inf,inf,inf,inf,inf,inf,inf,inf,inf,inf,inf,inf,inf,inf,inf,85,inf,inf,inf,inf,inf,inf,inf,inf,inf,inf,inf,inf,inf,inf
Dois Irmaos do Buriti,inf,inf,inf,76,inf,inf,inf,inf,74,inf,inf,inf,inf,inf,inf,inf,inf,inf,inf,inf,inf,inf,inf,inf,inf,inf,inf,inf,inf,0,inf,inf,inf,inf,inf,inf,inf,inf,inf,inf,inf,inf,inf,inf,inf,inf,inf,inf,inf,inf,inf,inf,inf,inf,inf,inf,inf,inf,inf,inf,inf,inf,inf,inf,inf,inf,inf,inf,inf,inf,inf,inf,56,inf,inf,inf,68,inf,inf
Douradina,inf,inf,inf,inf,inf,inf,inf,inf,inf,inf,inf,inf,inf,inf,inf,inf,inf,inf,inf,inf,inf,inf,inf,inf,inf,inf,inf,inf,inf,inf,0,37,inf,inf,inf,inf,inf,inf,inf,24,inf,inf,inf,inf,inf,inf,inf,inf,inf,inf,inf,inf,inf,inf,inf,inf,inf,inf,inf,inf,inf,inf,inf,inf,36,inf,inf,inf,inf,inf,inf,inf,inf,inf,inf,inf,inf,inf,inf
Dourados,inf,inf,inf,inf,inf,inf,inf,inf,inf,inf,inf,inf,inf,inf,inf,inf,inf,60,inf,inf,inf,inf,inf,inf,inf,inf,inf,inf,inf,inf,37,0,inf,46,inf,inf,inf,inf,inf,21,inf,inf,inf,inf,inf,inf,inf,inf,65,inf,inf,inf,inf,inf,inf,inf,inf,inf,inf,inf,inf,129,inf,inf,71,inf,inf,inf,inf,inf,inf,inf,inf,inf,inf,inf,inf,inf,56
Eldorado,inf,inf,inf,inf,inf,inf,inf,inf,inf,inf,inf,inf,inf,inf,inf,inf,inf,inf,inf,inf,inf,inf,inf,inf,inf,inf,inf,inf,inf,inf,inf,inf,0,inf,inf,inf,inf,40,inf,inf,46,inf,22,inf,inf,inf,inf,inf,inf,inf,inf,21,inf,inf,inf,inf,inf,inf,inf,inf,inf,inf,inf,inf,inf,inf,inf,inf,inf,inf,inf,inf,inf,inf,inf,inf,inf,inf,inf
Fatima do Sul,inf,inf,inf,inf,inf,inf,inf,inf,inf,inf,inf,inf,inf,inf,inf,inf,inf,55,inf,inf,inf,inf,inf,inf,inf,inf,inf,inf,inf,inf,inf,46,inf,0,inf,inf,inf,inf,inf,inf,inf,inf,inf,inf,inf,inf,inf,inf,inf,inf,inf,inf,inf,inf,inf,inf,inf,inf,inf,inf,inf,inf,inf,inf,inf,inf,inf,inf,inf,inf,inf,inf,inf,inf,inf,inf,inf,inf,11
Figueirao,inf,52,inf,inf,inf,inf,inf,inf,inf,inf,inf,inf,inf,inf,inf,inf,inf,inf,136,inf,inf,inf,inf,inf,inf,inf,72,inf,inf,inf,inf,inf,inf,inf,0,inf,inf,inf,inf,inf,inf,inf,inf,inf,inf,inf,inf,inf,inf,inf,inf,inf,inf,inf,inf,inf,inf,inf,inf,inf,inf,inf,inf,inf,inf,inf,inf,inf,inf,inf,inf,inf,inf,inf,inf,inf,inf,inf,inf
Gloria de Dourados,inf,inf,inf,inf,inf,inf,inf,inf,inf,inf,inf,inf,inf,inf,inf,inf,inf,inf,inf,inf,inf,inf,inf,inf,inf,inf,inf,inf,22,inf,inf,inf,inf,inf,inf,0,inf,inf,inf,inf,inf,inf,inf,inf,inf,14,inf,inf,inf,inf,inf,inf,inf,inf,inf,inf,62,inf,inf,inf,inf,inf,inf,inf,inf,inf,inf,inf,inf,inf,inf,inf,inf,inf,inf,inf,inf,inf,inf
Guia Lopes da Laguna,inf,inf,inf,inf,inf,inf,inf,inf,inf,inf,inf,inf,inf,inf,inf,69,inf,inf,inf,inf,inf,inf,inf,inf,inf,inf,inf,inf,inf,inf,inf,inf,inf,inf,inf,inf,0,inf,inf,inf,inf,inf,inf,inf,6,inf,inf,inf,inf,129,inf,inf,inf,59,inf,inf,inf,inf,inf,inf,inf,inf,inf,inf,inf,inf,inf,inf,inf,inf,inf,inf,inf,inf,inf,inf,inf,inf,inf
Iguatemi,inf,inf,inf,inf,inf,inf,inf,inf,inf,inf,inf,inf,inf,inf,inf,inf,inf,inf,inf,inf,inf,inf,inf,inf,inf,inf,inf,inf,inf,inf,inf,inf,40,inf,inf,inf,inf,0,inf,inf,inf,inf,38,inf,inf,inf,118,inf,inf,inf,inf,inf,inf,inf,inf,inf,inf,inf,inf,inf,inf,inf,inf,inf,inf,inf,inf,inf,inf,inf,inf,inf,inf,inf,60,inf,inf,inf,inf
Inocencia,166,inf,inf,inf,inf,inf,inf,inf,inf,inf,inf,inf,inf,inf,inf,inf,inf,inf,inf,inf,inf,92,inf,inf,inf,inf,inf,inf,inf,inf,inf,inf,inf,inf,inf,inf,inf,inf,0,inf,inf,inf,inf,inf,inf,inf,inf,inf,inf,inf,inf,inf,inf,inf,inf,inf,inf,inf,101,inf,inf,inf,inf,inf,inf,inf,inf,inf,inf,inf,inf,inf,inf,inf,inf,inf,inf,156,inf
Itapora,inf,inf,inf,inf,inf,inf,inf,inf,inf,inf,inf,inf,inf,inf,inf,inf,inf,inf,inf,inf,inf,inf,inf,inf,inf,inf,inf,inf,inf,inf,24,21,inf,inf,inf,inf,inf,inf,inf,0,inf,inf,inf,inf,inf,inf,inf,inf,inf,84,inf,inf,inf,inf,inf,inf,inf,inf,inf,inf,inf,inf,inf,inf,inf,inf,inf,inf,inf,inf,inf,inf,inf,inf,inf,inf,inf,inf,inf
Itaquirai,inf,inf,inf,inf,inf,inf,inf,inf,inf,inf,inf,inf,inf,inf,inf,inf,inf,inf,inf,inf,inf,inf,inf,inf,inf,inf,inf,inf,inf,inf,inf,inf,46,inf,inf,inf,inf,inf,inf,inf,0,inf,inf,inf,inf,inf,inf,inf,inf,inf,inf,inf,60,inf,inf,inf,inf,inf,inf,inf,inf,inf,inf,inf,inf,inf,inf,inf,inf,inf,inf,inf,inf,inf,inf,inf,inf,inf,inf
Ivinhema,inf,inf,inf,inf,inf,23,inf,inf,inf,inf,inf,inf,inf,inf,inf,inf,inf,inf,inf,inf,inf,inf,inf,inf,inf,inf,inf,inf,47,inf,inf,inf,inf,inf,inf,inf,inf,inf,inf,inf,inf,0,inf,inf,inf,inf,inf,inf,inf,inf,inf,inf,inf,inf,inf,64,53,inf,inf,inf,inf,inf,inf,inf,inf,inf,inf,inf,inf,inf,inf,inf,inf,inf,inf,inf,inf,inf,inf
Japora,inf,inf,inf,inf,inf,inf,inf,inf,inf,inf,inf,inf,inf,inf,inf,inf,inf,inf,inf,inf,inf,inf,inf,inf,inf,inf,inf,inf,inf,inf,inf,inf,22,inf,inf,inf,inf,38,inf,inf,inf,inf,0,inf,inf,inf,inf,inf,inf,inf,inf,18,inf,inf,inf,inf,inf,inf,inf,inf,inf,inf,inf,inf,inf,inf,inf,inf,inf,inf,inf,85,inf,inf,inf,inf,inf,inf,inf
Jaraguari,inf,inf,inf,inf,inf,inf,inf,inf,inf,inf,31,inf,inf,inf,inf,inf,inf,inf,inf,55,inf,inf,inf,inf,inf,inf,inf,inf,inf,inf,inf,inf,inf,inf,inf,inf,inf,inf,inf,inf,inf,inf,inf,0,inf,inf,inf,inf,inf,inf,inf,inf,inf,inf,inf,inf,inf,inf,inf,inf,inf,inf,inf,inf,inf,inf,inf,71,inf,inf,inf,inf,inf,inf,inf,inf,inf,inf,inf
Jardim,inf,inf,inf,inf,inf,inf,inf,inf,inf,inf,inf,inf,inf,104,inf,68,inf,inf,inf,inf,inf,inf,inf,inf,inf,inf,inf,inf,inf,inf,inf,inf,inf,inf,inf,inf,6,inf,inf,inf,inf,inf,inf,inf,0,inf,inf,inf,inf,inf,inf,inf,inf,inf,inf,inf,inf,inf,inf,inf,inf,inf,235,inf,inf,inf,inf,inf,inf,inf,inf,inf,inf,inf,inf,inf,inf,inf,inf
Jatei,inf,inf,inf,inf,inf,inf,inf,inf,inf,inf,inf,inf,inf,inf,inf,inf,inf,inf,inf,inf,inf,inf,inf,inf,inf,inf,inf,inf,inf,inf,inf,inf,inf,inf,inf,14,inf,inf,inf,inf,inf,inf,inf,inf,inf,0,inf,inf,inf,inf,inf,inf,85,inf,inf,inf,66,inf,inf,inf,inf,inf,inf,inf,inf,inf,inf,inf,inf,inf,inf,inf,inf,inf,inf,inf,inf,inf,21
Juti,inf,inf,inf,inf,inf,inf,inf,inf,inf,inf,inf,inf,inf,inf,inf,inf,inf,43,inf,inf,inf,inf,inf,inf,inf,inf,inf,inf,inf,inf,inf,inf,inf,inf,inf,inf,inf,118,inf,inf,inf,inf,inf,inf,inf,inf,0,inf,inf,inf,inf,inf,62,inf,inf,inf,inf,inf,inf,inf,inf,inf,inf,inf,inf,inf,inf,inf,inf,inf,inf,inf,inf,inf,inf,inf,inf,inf,69
Ladario,inf,inf,inf,inf,inf,inf,inf,inf,inf,inf,inf,inf,inf,inf,inf,inf,inf,inf,inf,inf,inf,inf,inf,inf,inf,7,inf,inf,inf,inf,inf,inf,inf,inf,inf,inf,inf,inf,inf,inf,inf,inf,inf,inf,inf,inf,inf,0,inf,inf,inf,inf,inf,inf,inf,inf,inf,inf,inf,inf,inf,inf,inf,inf,inf,inf,inf,inf,inf,inf,inf,inf,inf,inf,inf,inf,inf,inf,inf
Laguna Carapa,inf,inf,82,inf,inf,inf,inf,inf,inf,86,inf,inf,inf,inf,inf,inf,inf,46,inf,inf,inf,inf,inf,inf,inf,inf,inf,inf,inf,inf,inf,65,inf,inf,inf,inf,inf,inf,inf,inf,inf,inf,inf,inf,inf,inf,inf,inf,0,inf,inf,inf,inf,inf,inf,inf,inf,inf,inf,inf,inf,76,inf,inf,inf,inf,inf,inf,inf,inf,inf,inf,inf,inf,inf,inf,inf,inf,inf
Maracaju,inf,inf,inf,inf,inf,inf,inf,inf,inf,inf,inf,inf,inf,inf,inf,inf,inf,inf,inf,inf,inf,inf,inf,inf,inf,inf,inf,inf,inf,inf,inf,inf,inf,inf,inf,inf,129,inf,inf,84,inf,inf,inf,inf,inf,inf,inf,inf,inf,0,inf,inf,inf,112,inf,inf,inf,inf,inf,inf,inf,152,inf,inf,88,inf,inf,inf,inf,inf,inf,inf,102,inf,inf,inf,inf,inf,inf
Miranda,inf,inf,inf,84,inf,inf,inf,inf,86,inf,inf,inf,inf,inf,63,inf,inf,inf,inf,inf,inf,inf,inf,inf,inf,248,inf,inf,inf,inf,inf,inf,inf,inf,inf,inf,inf,inf,inf,inf,inf,inf,inf,inf,inf,inf,inf,inf,inf,inf,0,inf,inf,inf,inf,inf,inf,inf,inf,inf,inf,inf,inf,inf,inf,inf,inf,inf,inf,inf,inf,inf,inf,inf,inf,inf,inf,inf,inf
Mundo Novo,inf,inf,inf,inf,inf,inf,inf,inf,inf,inf,inf,inf,inf,inf,inf,inf,inf,inf,inf,inf,inf,inf,inf,inf,inf,inf,inf,inf,inf,inf,inf,inf,21,inf,inf,inf,inf,inf,inf,inf,inf,inf,18,inf,inf,inf,inf,inf,inf,inf,inf,0,inf,inf,inf,inf,inf,inf,inf,inf,inf,inf,inf,inf,inf,inf,inf,inf,inf,inf,inf,inf,inf,inf,inf,inf,inf,inf,inf
Navirai,inf,inf,inf,inf,inf,inf,inf,inf,inf,inf,inf,inf,inf,inf,inf,inf,inf,inf,inf,inf,inf,inf,inf,inf,inf,inf,inf,inf,inf,inf,inf,inf,inf,inf,inf,inf,inf,inf,inf,inf,60,inf,inf,inf,inf,85,62,inf,inf,inf,inf,inf,0,inf,inf,inf,inf,inf,inf,inf,inf,inf,inf,inf,inf,inf,inf,inf,inf,inf,inf,inf,inf,inf,inf,inf,inf,inf,inf
Nioaque,inf,inf,inf,95,inf,inf,inf,inf,inf,inf,inf,inf,inf,inf,inf,inf,inf,inf,inf,inf,inf,inf,inf,inf,inf,inf,inf,inf,inf,inf,inf,inf,inf,inf,inf,inf,59,inf,inf,inf,inf,inf,inf,inf,inf,inf,inf,inf,inf,112,inf,inf,inf,0,inf,inf,inf,inf,inf,inf,inf,inf,inf,inf,inf,inf,inf,inf,inf,inf,inf,inf,inf,inf,inf,inf,inf,inf,inf
Nova Alvorada do Sul,inf,inf,inf,inf,inf,129,inf,inf,inf,inf,inf,inf,inf,inf,inf,inf,inf,inf,inf,151,inf,inf,inf,inf,inf,inf,inf,inf,inf,inf,inf,inf,inf,inf,inf,inf,inf,inf,inf,inf,inf,inf,inf,inf,inf,inf,inf,inf,inf,inf,inf,inf,inf,inf,0,179,inf,inf,inf,inf,inf,inf,inf,inf,53,inf,inf,inf,inf,inf,inf,inf,111,inf,inf,inf,inf,inf,inf
Nova Andradina,inf,inf,inf,inf,84,inf,inf,inf,inf,inf,inf,145,13,inf,inf,inf,inf,inf,inf,inf,inf,inf,inf,inf,inf,inf,inf,inf,inf,inf,inf,inf,inf,inf,inf,inf,inf,inf,inf,inf,inf,64,inf,inf,inf,inf,inf,inf,inf,inf,inf,inf,inf,inf,179,0,inf,inf,inf,inf,inf,inf,inf,inf,inf,inf,inf,inf,inf,inf,inf,inf,inf,inf,inf,36,inf,inf,inf
Novo Horizonte do Sul,inf,inf,inf,inf,inf,inf,inf,inf,inf,inf,inf,inf,inf,inf,inf,inf,inf,inf,inf,inf,inf,inf,inf,inf,inf,inf,inf,inf,inf,inf,inf,inf,inf,inf,inf,62,inf,inf,inf,inf,inf,53,inf,inf,inf,66,inf,inf,inf,inf,inf,inf,inf,inf,inf,inf,0,inf,inf,inf,inf,inf,inf,inf,inf,inf,inf,inf,inf,inf,inf,inf,inf,inf,inf,inf,inf,inf,inf
Paraiso das Aguas,207,inf,inf,inf,inf,inf,inf,inf,inf,inf,inf,inf,inf,inf,inf,inf,inf,inf,159,inf,inf,inf,63,inf,inf,inf,71,inf,inf,inf,inf,inf,inf,inf,inf,inf,inf,inf,inf,inf,inf,inf,inf,inf,inf,inf,inf,inf,inf,inf,inf,inf,inf,inf,inf,inf,inf,0,inf,inf,inf,inf,inf,inf,inf,inf,inf,inf,inf,inf,inf,inf,inf,inf,inf,inf,inf,inf,inf
Paranaiba,inf,inf,inf,inf,inf,inf,inf,61,inf,inf,inf,inf,inf,inf,inf,inf,inf,inf,inf,inf,inf,109,inf,inf,inf,inf,inf,inf,inf,inf,inf,inf,inf,inf,inf,inf,inf,inf,101,inf,inf,inf,inf,inf,inf,inf,inf,inf,inf,inf,inf,inf,inf,inf,inf,inf,inf,inf,0,inf,inf,inf,inf,inf,inf,inf,inf,inf,inf,inf,inf,inf,inf,inf,inf,inf,inf,inf,inf
Paranhos,inf,inf,inf,inf,inf,inf,inf,inf,inf,inf,inf,inf,inf,inf,inf,inf,inf,inf,inf,inf,inf,inf,inf,inf,inf,inf,inf,inf,inf,inf,inf,inf,inf,inf,inf,inf,inf,inf,inf,inf,inf,inf,inf,inf,inf,inf,inf,inf,inf,inf,inf,inf,inf,inf,inf,inf,inf,inf,inf,0,inf,inf,inf,inf,inf,inf,inf,inf,inf,inf,inf,53,inf,inf,66,inf,inf,inf,inf
Pedro Gomes,inf,121,inf,inf,inf,inf,inf,inf,inf,inf,inf,inf,inf,inf,inf,inf,inf,inf,inf,inf,inf,inf,inf,inf,inf,inf,inf,64,inf,inf,inf,inf,inf,inf,inf,inf,inf,inf,inf,inf,inf,inf,inf,inf,inf,inf,inf,inf,inf,inf,inf,inf,inf,inf,inf,inf,inf,inf,inf,inf,0,inf,inf,inf,inf,inf,inf,inf,inf,inf,inf,inf,inf,82,inf,inf,inf,inf,inf
Ponta Pora,inf,inf,inf,inf,inf,inf,58,inf,inf,60,inf,inf,inf,inf,inf,inf,inf,inf,inf,inf,inf,inf,inf,inf,inf,inf,inf,inf,inf,inf,inf,129,inf,inf,inf,inf,inf,inf,inf,inf,inf,inf,inf,inf,inf,inf,inf,inf,76,152,inf,inf,inf,inf,inf,inf,inf,inf,inf,inf,inf,0,inf,inf,inf,inf,inf,inf,inf,inf,inf,inf,inf,inf,inf,inf,inf,inf,inf
Porto Murtinho,inf,inf,inf,inf,inf,inf,inf,inf,inf,inf,inf,inf,inf,inf,inf,206,inf,inf,inf,inf,123,inf,inf,inf,inf,inf,inf,inf,inf,inf,inf,inf,inf,inf,inf,inf,inf,inf,inf,inf,inf,inf,inf,inf,235,inf,inf,inf,inf,inf,inf,inf,inf,inf,inf,inf,inf,inf,inf,inf,inf,inf,0,inf,inf,inf,inf,inf,inf,inf,inf,inf,inf,inf,inf,inf,inf,inf,inf
Ribas do Rio Pardo,119,inf,inf,inf,inf,inf,inf,inf,inf,inf,inf,inf,inf,inf,inf,inf,inf,inf,137,118,inf,inf,inf,inf,inf,inf,inf,inf,inf,inf,inf,inf,inf,inf,inf,inf,inf,inf,inf,inf,inf,inf,inf,inf,inf,inf,inf,inf,inf,inf,inf,inf,inf,inf,inf,inf,inf,inf,inf,inf,inf,inf,inf,0,inf,inf,inf,inf,176,inf,inf,inf,inf,inf,inf,inf,inf,inf,inf
Rio Brilhante,inf,inf,inf,inf,inf,inf,inf,inf,inf,inf,inf,inf,inf,inf,inf,inf,inf,inf,inf,inf,inf,inf,inf,inf,inf,inf,inf,inf,85,inf,36,71,inf,inf,inf,inf,inf,inf,inf,inf,inf,inf,inf,inf,inf,inf,inf,inf,inf,88,inf,inf,inf,inf,53,inf,inf,inf,inf,inf,inf,inf,inf,inf,0,inf,inf,inf,inf,inf,inf,inf,inf,inf,inf,inf,inf,inf,inf
Rio Negro,inf,inf,inf,inf,inf,inf,inf,inf,183,inf,inf,inf,inf,inf,inf,inf,inf,inf,inf,inf,inf,inf,inf,59,inf,inf,inf,inf,inf,inf,inf,inf,inf,inf,inf,inf,inf,inf,inf,inf,inf,inf,inf,inf,inf,inf,inf,inf,inf,inf,inf,inf,inf,inf,inf,inf,inf,inf,inf,inf,inf,inf,inf,inf,inf,0,78,inf,inf,60,inf,inf,inf,inf,inf,inf,inf,inf,inf
Rio Verde de Mato Grosso,inf,inf,inf,inf,inf,inf,inf,inf,257,inf,inf,inf,inf,inf,inf,inf,inf,inf,inf,inf,inf,inf,inf,inf,inf,inf,inf,63,inf,inf,inf,inf,inf,inf,inf,inf,inf,inf,inf,inf,inf,inf,inf,inf,inf,inf,inf,inf,inf,inf,inf,inf,inf,inf,inf,inf,inf,inf,inf,inf,inf,inf,inf,inf,inf,78,0,inf,inf,78,inf,inf,inf,inf,inf,inf,inf,inf,inf
Rochedo,inf,inf,inf,inf,inf,inf,inf,inf,inf,inf,72,inf,inf,inf,inf,inf,inf,inf,inf,79,inf,inf,inf,21,inf,inf,inf,inf,inf,inf,inf,inf,inf,inf,inf,inf,inf,inf,inf,inf,inf,inf,inf,71,inf,inf,inf,inf,inf,inf,inf,inf,inf,inf,inf,inf,inf,inf,inf,inf,inf,inf,inf,inf,inf,inf,inf,0,inf,inf,inf,inf,inf,inf,inf,inf,inf,inf,inf
Santa Rita do Pardo,inf,inf,inf,inf,inf,inf,inf,inf,inf,inf,inf,82,inf,inf,inf,inf,108,inf,inf,inf,inf,inf,inf,inf,inf,inf,inf,inf,inf,inf,inf,inf,inf,inf,inf,inf,inf,inf,inf,inf,inf,inf,inf,inf,inf,inf,inf,inf,inf,inf,inf,inf,inf,inf,inf,inf,inf,inf,inf,inf,inf,inf,inf,176,inf,inf,inf,inf,0,inf,inf,inf,inf,inf,inf,inf,inf,inf,inf
Sao Gabriel do Oeste,inf,inf,inf,inf,inf,inf,inf,inf,inf,inf,82,inf,inf,inf,inf,inf,inf,inf,72,inf,inf,inf,inf,inf,inf,inf,inf,inf,inf,inf,inf,inf,inf,inf,inf,inf,inf,inf,inf,inf,inf,inf,inf,inf,inf,inf,inf,inf,inf,inf,inf,inf,inf,inf,inf,inf,inf,inf,inf,inf,inf,inf,inf,inf,inf,60,78,inf,inf,0,inf,inf,inf,inf,inf,inf,inf,inf,inf
Selviria,inf,inf,inf,inf,inf,inf,inf,59,inf,inf,inf,inf,inf,inf,inf,inf,inf,inf,inf,inf,inf,inf,inf,inf,inf,inf,inf,inf,inf,inf,inf,inf,inf,inf,inf,inf,inf,inf,inf,inf,inf,inf,inf,inf,inf,inf,inf,inf,inf,inf,inf,inf,inf,inf,inf,inf,inf,inf,inf,inf,inf,inf,inf,inf,inf,inf,inf,inf,inf,inf,0,inf,inf,inf,inf,inf,inf,72,inf
Sete Quedas,inf,inf,inf,inf,inf,inf,inf,inf,inf,inf,inf,inf,inf,inf,inf,inf,inf,inf,inf,inf,inf,inf,inf,inf,inf,inf,inf,inf,inf,inf,inf,inf,inf,inf,inf,inf,inf,inf,inf,inf,inf,inf,85,inf,inf,inf,inf,inf,inf,inf,inf,inf,inf,inf,inf,inf,inf,inf,inf,53,inf,inf,inf,inf,inf,inf,inf,inf,inf,inf,inf,0,inf,inf,48,inf,inf,inf,inf
Sidrolandia,inf,inf,inf,inf,inf,inf,inf,inf,inf,inf,inf,inf,inf,inf,inf,inf,inf,inf,inf,83,inf,inf,inf,inf,inf,inf,inf,inf,inf,56,inf,inf,inf,inf,inf,inf,inf,inf,inf,inf,inf,inf,inf,inf,inf,inf,inf,inf,inf,102,inf,inf,inf,inf,111,inf,inf,inf,inf,inf,inf,inf,inf,inf,inf,inf,inf,inf,inf,inf,inf,inf,0,inf,inf,inf,inf,inf,inf
Sonora,inf,inf,inf,inf,inf,inf,inf,inf,inf,inf,inf,inf,inf,inf,inf,inf,inf,inf,inf,inf,inf,inf,inf,inf,inf,inf,inf,135,inf,inf,inf,inf,inf,inf,inf,inf,inf,inf,inf,inf,inf,inf,inf,inf,inf,inf,inf,inf,inf,inf,inf,inf,inf,inf,inf,inf,inf,inf,inf,inf,82,inf,inf,inf,inf,inf,inf,inf,inf,inf,inf,inf,inf,0,inf,inf,inf,inf,inf
Tacuru,inf,inf,82,inf,inf,inf,inf,inf,inf,inf,inf,inf,inf,inf,inf,inf,inf,inf,inf,inf,inf,inf,inf,inf,inf,inf,inf,inf,inf,inf,inf,inf,inf,inf,inf,inf,inf,60,inf,inf,inf,inf,inf,inf,inf,inf,inf,inf,inf,inf,inf,inf,inf,inf,inf,inf,inf,inf,inf,66,inf,inf,inf,inf,inf,inf,inf,inf,inf,inf,inf,48,inf,inf,0,inf,inf,inf,inf
Taquarussu,inf,inf,inf,inf,inf,inf,inf,inf,inf,inf,inf,inf,30,inf,inf,inf,inf,inf,inf,inf,inf,inf,inf,inf,inf,inf,inf,inf,inf,inf,inf,inf,inf,inf,inf,inf,inf,inf,inf,inf,inf,inf,inf,inf,inf,inf,inf,inf,inf,inf,inf,inf,inf,inf,inf,36,inf,inf,inf,inf,inf,inf,inf,inf,inf,inf,inf,inf,inf,inf,inf,inf,inf,inf,inf,0,inf,inf,inf
Terenos,inf,inf,inf,inf,inf,inf,inf,inf,125,inf,inf,inf,inf,inf,inf,inf,inf,inf,inf,32,inf,inf,inf,inf,inf,inf,inf,inf,inf,68,inf,inf,inf,inf,inf,inf,inf,inf,inf,inf,inf,inf,inf,inf,inf,inf,inf,inf,inf,inf,inf,inf,inf,inf,inf,inf,inf,inf,inf,inf,inf,inf,inf,inf,inf,inf,inf,inf,inf,inf,inf,inf,inf,inf,inf,inf,0,inf,inf
Tres Lagoas,167,inf,inf,inf,inf,inf,inf,inf,inf,inf,inf,inf,inf,inf,inf,inf,82,inf,inf,inf,inf,inf,inf,inf,inf,inf,inf,inf,inf,inf,inf,inf,inf,inf,inf,inf,inf,inf,156,inf,inf,inf,inf,inf,inf,inf,inf,inf,inf,inf,inf,inf,inf,inf,inf,inf,inf,inf,inf,inf,inf,inf,inf,inf,inf,inf,inf,inf,inf,inf,72,inf,inf,inf,inf,inf,inf,0,inf
Vicentina,inf,inf,inf,inf,inf,inf,inf,inf,inf,inf,inf,inf,inf,inf,inf,inf,inf,60,inf,inf,inf,inf,inf,inf,inf,inf,inf,inf,inf,inf,inf,56,inf,11,inf,inf,inf,inf,inf,inf,inf,inf,inf,inf,inf,21,69,inf,inf,inf,inf,inf,inf,inf,inf,inf,inf,inf,inf,inf,inf,inf,inf,inf,inf,inf,inf,inf,inf,inf,inf,inf,inf,inf,inf,inf,inf,inf,0